87|Dustin|Lee|M|free
59|Lily|Cooper|F|free
95|Sara|Johnson|F|paid
18|Jacob|Rogers|M|free
64|Hannah|Calhoun|F|free
99|Ann|Banks|F|free
23|Morris|Gilmore|M|free
84|Shakira|Hunt|F|free
2|Jizelle|Benjamin|F|free
11|Christian|Porter|F|free
20|Aiden|Ramirez|M|paid
72|Hayden|Brock|F|paid
81|Sienna|Colon|F|free
27|Carlos|Carter|M|free
62|Connar|Moreno|M|free
43|Jahiem|Miles|M|free
34|Evelin|Ayala|F|free
51|Maia|Burke|F|free
68|Jordan|Rodriguez|F|free
57|Katherine|Gay|F|free
96|Cierra|Finley|F|free
13|Ava|Robinson|F|free
38|Gianna|Jones|F|free
5|Elijah|Davis|M|free
28|Brantley|West|M|free
76|Jayden|Duffy|F|free
7|Adelyn|Jordan|F|free
45|Dominick|Norris|M|free
41|Brayden|Clark|M|free
70|Jaleah|Hayes|F|paid
42|Harper|Barrett|M|paid
33|Bronson|Harris|M|free
25|Jayden|Graves|M|paid
65|Amiya|Davidson|F|paid
67|Colm|Santana|M|free
36|Matthew|Jones|M|paid
37|Jordan|Hicks|F|free
19|Zachary|Thomas|M|free
92|Ryann|Smith|F|free
97|Kate|Harrell|F|paid
91|Jayden|Bell|M|free
35|Molly|Taylor|F|free
77|Magdalene|Herman|F|free
29|Jacqueline|Lynch|F|paid
63|Ayla|Johnson|F|free
6|Cecilia|Owens|F|free
56|Cienna|Freeman|F|free
94|Noah|Chavez|M|free
90|Andrea|Butler|F|free
40|Tucker|Garrison|M|free
60|Devin|Larson|M|free
53|Celeste|Williams|F|free
30|Avery|Watkins|F|paid
58|Emily|Benson|F|paid
69|Anabelle|Simpson|F|free
85|Kinsley|Young|F|paid
47|Kimber|Norris|F|free
83|Stefany|White|F|free
48|Marina|Sutton|F|free
17|Makinley|Jones|F|free
66|Kevin|Arellano|M|free
100|Adler|Barrera|M|free
15|Lily|Koch|F|paid
86|Aiden|Hess|M|free
61|Samuel|Gonzalez|M|free
88|Mohammad|Rodriguez|M|free
71|Ayleen|Wise|F|free
3|Isaac|Valdez|M|free
8|Kaylee|Summers|F|free
73|Jacob|Klein|M|paid
50|Ava|Robinson|F|free
24|Layla|Griffin|F|paid
54|Kaleb|Cook|M|free
14|Theodore|Harris|M|free
98|Jordyn|Powell|F|free
78|Chloe|Roth|F|free
101|Jayden|Fox|M|free
10|Sylvie|Cruz|F|free
52|Theodore|Smith|M|free
32|Lily|Burns|F|free
79|James|Martin|M|free
26|Ryan|Smith|M|free
4|Alivia|Terrell|F|free
39|Walter|Frye|M|free
75|Joseph|Gutierrez|M|free
44|Aleena|Kirby|F|paid
82|Avery|Martinez|F|paid
16|Rylan|George|M|paid
55|Martin|Johnson|M|free
12|Austin|Rosales|M|free
49|Chloe|Cuevas|F|paid
9|Wyatt|Scott|M|free
22|Sean|Wilson|F|free
74|Braden|Parker|M|free
80|Tegan|Levine|F|paid
89|Kynnedi|Sanchez|F|free
